{
  "domain": {
    "BIO": {
      "n": 7589,
      "kappa_linear": 0.2624713809975302,
      "kappa_quadratic": 0.3541650395417172,
      "spearman": 0.3483516894521452,
      "mad": 1.3067597838977467
    },
    "CULT": {
      "n": 8397,
      "kappa_linear": 0.30581221811429526,
      "kappa_quadratic": 0.36808161356936764,
      "spearman": 0.38575380574121465,
      "mad": 1.019649874955341
    },
    "FIN": {
      "n": 7614,
      "kappa_linear": 0.22259475856572353,
      "kappa_quadratic": 0.29639666836544687,
      "spearman": 0.30140189158253,
      "mad": 1.3538219070133963
    },
    "GEO": {
      "n": 7413,
      "kappa_linear": 0.35769899098972635,
      "kappa_quadratic": 0.46339172367014736,
      "spearman": 0.47559024960291363,
      "mad": 1.1558073654390935
    },
    "HIST": {
      "n": 7628,
      "kappa_linear": 0.2549061947168161,
      "kappa_quadratic": 0.31844713277683134,
      "spearman": 0.34255080648532255,
      "mad": 1.195070791819612
    },
    "LAW": {
      "n": 7156,
      "kappa_linear": 0.28590016705581733,
      "kappa_quadratic": 0.4056405246270296,
      "spearman": 0.3965257573133313,
      "mad": 1.4501117942984907
    },
    "SCI": {
      "n": 7291,
      "kappa_linear": 0.23596504377395155,
      "kappa_quadratic": 0.3054608493955179,
      "spearman": 0.3097365515410539,
      "mad": 1.3336990810588396
    },
    "TECH": {
      "n": 7480,
      "kappa_linear": 0.272285056024393,
      "kappa_quadratic": 0.3828542091682521,
      "spearman": 0.351187844660106,
      "mad": 1.24024064171123
    }
  },
  "tier": {
    "1": {
      "n": 12408,
      "kappa_linear": 0.22416873274605542,
      "kappa_quadratic": 0.26692949408836475,
      "spearman": 0.3026387000075578,
      "mad": 1.1030786589297228
    },
    "2": {
      "n": 12125,
      "kappa_linear": 0.2131069744511106,
      "kappa_quadratic": 0.2688437441033159,
      "spearman": 0.28695898869747505,
      "mad": 1.3049896907216494
    },
    "3": {
      "n": 11927,
      "kappa_linear": 0.1974773891757977,
      "kappa_quadratic": 0.2564337378649616,
      "spearman": 0.2644938574365397,
      "mad": 1.3731868868952797
    },
    "4": {
      "n": 11919,
      "kappa_linear": 0.26026107621256545,
      "kappa_quadratic": 0.3466022171624077,
      "spearman": 0.35456553723363116,
      "mad": 1.3446597868948738
    },
    "5": {
      "n": 12189,
      "kappa_linear": 0.43738230649769094,
      "kappa_quadratic": 0.5744408861726971,
      "spearman": 0.5796840822935093,
      "mad": 1.1431618672573631
    }
  },
  "kappa_vs_domain_b": {
    "rho": 0.7380952380952381,
    "p": 0.03655276105286081,
    "n": 8
  }
}