{
  "eurollm-9b": {
    "n_total": 3940,
    "n_errors": 1356,
    "error_rate": 0.3442,
    "b_value": {
      "b": 1.7371779276130073,
      "ci_lower": 1.7371779276130073,
      "ci_upper": 1.7371779276130073,
      "m_min": 3.75,
      "n": 2
    },
    "best_fit": {
      "distribution": "stretched_exp",
      "bic": 4794.186384786121,
      "parameters": {
        "lambda": 0.005654772354724776,
        "gamma": 5.0
      }
    },
    "ratio_test": {
      "cv": 0.6309224146539731,
      "supports_power_law": false
    },
    "distribution": {
      "0.0": 2608,
      "2.0": 822,
      "1.0": 272,
      "0.5": 102,
      "1.5": 38,
      "3.0": 50,
      "3.5": 17,
      "2.5": 28,
      "4.0": 3
    }
  },
  "gemma-2-27b": {
    "n_total": 3863,
    "n_errors": 2579,
    "error_rate": 0.6676,
    "b_value": {
      "b": 0.6154941441563327,
      "ci_lower": 0.5958481015180137,
      "ci_upper": 0.6361183977444194,
      "m_min": 0.25,
      "n": 2579
    },
    "best_fit": {
      "distribution": "stretched_exp",
      "bic": 6792.95094995091,
      "parameters": {
        "lambda": 0.8775001204396994,
        "gamma": 1.4411060668483842
      }
    },
    "ratio_test": {
      "cv": 0.40290424509178485,
      "supports_power_law": false
    },
    "distribution": {
      "0.0": 1711,
      "1.0": 854,
      "0.5": 625,
      "2.0": 310,
      "1.5": 284,
      "2.5": 48,
      "3.0": 27,
      "3.5": 3,
      "4.0": 1
    }
  },
  "gemma-3-12b": {
    "n_total": 3833,
    "n_errors": 2425,
    "error_rate": 0.6327,
    "b_value": {
      "b": 0.9173860966046219,
      "ci_lower": 0.8004643391942291,
      "ci_upper": 1.0603553584131344,
      "m_min": 2.25,
      "n": 94
    },
    "best_fit": {
      "distribution": "stretched_exp",
      "bic": 6897.688381334964,
      "parameters": {
        "lambda": 0.7207944612383945,
        "gamma": 1.4811164741678886
      }
    },
    "ratio_test": {
      "cv": 0.4860222377026623,
      "supports_power_law": false
    },
    "distribution": {
      "0.5": 551,
      "0.0": 1820,
      "1.0": 653,
      "2.0": 431,
      "2.5": 51,
      "1.5": 284,
      "3.0": 35,
      "3.5": 7,
      "4.0": 1
    }
  },
  "gemma-3-27b": {
    "n_total": 629,
    "n_errors": 408,
    "error_rate": 0.6486,
    "b_value": {
      "b": 1.7371779276130073,
      "ci_lower": 1.7371779276130073,
      "ci_upper": 1.7371779276130073,
      "m_min": 3.25,
      "n": 1
    },
    "best_fit": {
      "distribution": "exponential",
      "bic": 1170.9030787543861,
      "parameters": {
        "lambda": 1.2328888565945544
      }
    },
    "ratio_test": {
      "cv": 0.6203911235479973,
      "supports_power_law": false
    },
    "distribution": {
      "0.5": 100,
      "0.0": 286,
      "1.5": 54,
      "1.0": 104,
      "2.0": 62,
      "2.5": 19,
      "3.0": 3,
      "3.5": 1
    }
  },
  "gemma-3-4b": {
    "n_total": 3873,
    "n_errors": 1497,
    "error_rate": 0.3865,
    "b_value": {
      "b": 0.979429782853737,
      "ci_lower": 0.9078155621719584,
      "ci_upper": 1.0633104191686666,
      "m_min": 2.75,
      "n": 243
    },
    "best_fit": {
      "distribution": "lognormal",
      "bic": 5733.117712746725,
      "parameters": {
        "mu": 0.719423669170469,
        "sigma": 0.5379138967314809
      }
    },
    "ratio_test": {
      "cv": 0.5342316833963108,
      "supports_power_law": false
    },
    "distribution": {
      "0.0": 2390,
      "1.5": 102,
      "1.0": 93,
      "0.5": 93,
      "2.0": 801,
      "2.5": 146,
      "3.0": 162,
      "3.5": 78,
      "4.0": 8
    }
  },
  "gpt-oss-20b": {
    "n_total": 3770,
    "n_errors": 2206,
    "error_rate": 0.5851,
    "b_value": {
      "b": 0.9311273692005722,
      "ci_lower": 0.7915092775100739,
      "ci_upper": 1.1084849633340146,
      "m_min": 2.25,
      "n": 67
    },
    "best_fit": {
      "distribution": "truncated_power_law",
      "bic": 5712.676635692172,
      "parameters": {
        "beta": 0.4389210909986721,
        "lambda": 1.1336339007303922
      }
    },
    "ratio_test": {
      "cv": 0.4421381123242096,
      "supports_power_law": false
    },
    "distribution": {
      "1.0": 512,
      "0.5": 600,
      "0.0": 2050,
      "1.5": 229,
      "2.0": 312,
      "2.5": 37,
      "3.0": 25,
      "3.5": 4,
      "4.0": 1
    }
  },
  "llama-3.1-8b-instruct": {
    "n_total": 3784,
    "n_errors": 2300,
    "error_rate": 0.6078,
    "b_value": {
      "b": 1.7371779276130073,
      "ci_lower": 1.7371779276130073,
      "ci_upper": 1.7371779276130073,
      "m_min": 3.25,
      "n": 2
    },
    "best_fit": {
      "distribution": "exponential",
      "bic": 6441.980706312844,
      "parameters": {
        "lambda": 1.2829293579729113
      }
    },
    "ratio_test": {
      "cv": 0.6713689552978237,
      "supports_power_law": false
    },
    "distribution": {
      "0.0": 1871,
      "1.0": 635,
      "2.0": 373,
      "0.5": 552,
      "1.5": 257,
      "3.0": 45,
      "2.5": 49,
      "3.5": 2
    }
  },
  "llama-3.2-3b-instruct": {
    "n_total": 3893,
    "n_errors": 1750,
    "error_rate": 0.4495,
    "b_value": {
      "b": 1.046370330667484,
      "ci_lower": 0.9417332976007354,
      "ci_upper": 1.1694727225107169,
      "m_min": 2.75,
      "n": 206
    },
    "best_fit": {
      "distribution": "stretched_exp",
      "bic": 6552.960726921644,
      "parameters": {
        "lambda": 0.005666352783626951,
        "gamma": 4.552790622778812
      }
    },
    "ratio_test": {
      "cv": 0.46307714951642226,
      "supports_power_law": false
    },
    "distribution": {
      "0.0": 2252,
      "1.0": 262,
      "2.0": 806,
      "1.5": 106,
      "0.5": 150,
      "2.5": 105,
      "3.0": 160,
      "3.5": 36,
      "4.0": 16
    }
  },
  "ministral-14b": {
    "n_total": 3990,
    "n_errors": 2340,
    "error_rate": 0.5865,
    "b_value": {
      "b": 1.7371779276130073,
      "ci_lower": 1.7371779276130073,
      "ci_upper": 1.7371779276130073,
      "m_min": 3.25,
      "n": 3
    },
    "best_fit": {
      "distribution": "stretched_exp",
      "bic": 6734.636004246099,
      "parameters": {
        "lambda": 0.31060361426803945,
        "gamma": 2.2566537700583096
      }
    },
    "ratio_test": {
      "cv": 0.6959311030428033,
      "supports_power_law": false
    },
    "distribution": {
      "0.0": 2008,
      "0.5": 544,
      "1.5": 332,
      "1.0": 607,
      "2.0": 426,
      "2.5": 52,
      "3.5": 3,
      "3.0": 18
    }
  },
  "mistral-small-24b": {
    "n_total": 3872,
    "n_errors": 2193,
    "error_rate": 0.5664,
    "b_value": {
      "b": 1.7371779276130073,
      "ci_lower": 1.7371779276130073,
      "ci_upper": 1.7371779276130073,
      "m_min": 3.25,
      "n": 3
    },
    "best_fit": {
      "distribution": "stretched_exp",
      "bic": 5616.121328883201,
      "parameters": {
        "lambda": 1.0476303731602001,
        "gamma": 1.31361910919574
      }
    },
    "ratio_test": {
      "cv": 0.5974546687239117,
      "supports_power_law": false
    },
    "distribution": {
      "0.0": 2087,
      "0.5": 579,
      "1.0": 642,
      "1.5": 240,
      "2.0": 279,
      "2.5": 26,
      "3.0": 16,
      "3.5": 3
    }
  },
  "phi-3.5-mini": {
    "n_total": 3949,
    "n_errors": 1126,
    "error_rate": 0.2851,
    "b_value": {
      "b": 5.11941071092016,
      "ci_lower": 4.145780453015084,
      "ci_upper": 6.56079819263552,
      "m_min": 2.0,
      "n": 778
    },
    "best_fit": {
      "distribution": "stretched_exp",
      "bic": 3937.0819428376394,
      "parameters": {
        "lambda": 0.006132441313426049,
        "gamma": 5.0
      }
    },
    "ratio_test": {
      "cv": 0.742522614463287,
      "supports_power_law": false
    },
    "distribution": {
      "0.0": 2833,
      "0.5": 102,
      "1.0": 216,
      "2.0": 711,
      "1.5": 19,
      "3.5": 9,
      "3.0": 46,
      "2.5": 13
    }
  },
  "phi-4-mini-flash-reasoning": {
    "n_total": 2463,