{
  "pooled": {
    "n_targets": 60568,
    "n_raters": 2,
    "icc_2_1": 0.374189720815607,
    "icc_2_k": 0.5445968852008564,
    "MSR": 0.9480052415547766,
    "MSC": 1558.4923029066592,
    "MSE": 0.41771511957160407,
    "F_MSR_over_MSE": 2.269501861764118,
    "cicchetti_interpretation": "poor"
  }
}