{
  "per_model_tier": {
    "llama-3.2-3b-instruct": {
      "log_params": 9.505149978319906,
      "b_per_tier": {
        "1": 1.0620661263605593,
        "2": 0.960557207033075,
        "3": 0.9186124119838411,
        "4": 1.0160852029434575,
        "5": 1.0927409544662467
      }
    },
    "phi-3.5-mini": {
      "log_params": 9.57978359661681,
      "b_per_tier": {
        "1": 1.417696929431305,
        "2": 1.4850069381207975,
        "3": 1.3117465984016583,
        "4": 1.2280050867609194,
        "5": 1.2529203637208859
      }
    },
    "gemma-3-4b": {
      "log_params": 9.602059991327963,
      "b_per_tier": {
        "1": 1.131185627282888,
        "2": 0.9271455231642457,
        "3": 0.8432902561228188,
        "4": 0.9291881938395153,
        "5": 1.050628566999483
      }
    },
    "qwen2.5-7b": {
      "log_params": 9.880813592280791,
      "b_per_tier": {
        "1": 1.3073607084097894,
        "2": 1.4496450292494758,
        "3": 1.2318170759437685,
        "4": 1.1369569825241272,
        "5": 1.2322281612352568
      }
    },
    "llama-3.1-8b-instruct": {
      "log_params": 9.903089986991944,
      "b_per_tier": {
        "1": 1.1967225723556276,
        "2": 0.6726352935717563,
        "3": 0.8652353384636213,
        "4": 0.9943846068405487,
        "5": 0.8817894039859336
      }
    },
    "eurollm-9b": {
      "log_params": 9.963787827345556,
      "b_per_tier": {
        "1": 1.6318944168485827,
        "2": 1.3284301799393579,
        "3": 1.1556333853219571,
        "4": 1.152148934808627,
        "5": 1.2523840873489125
      }
    },
    "solar-10.7b": {
      "log_params": 10.02938377768521,
      "b_per_tier": {
        "1": 0.7892870713000022,
        "2": 0.6976506557293837,
        "3": 1.1581186184086716,
        "4": 0.5389199707253989,
        "5": 0.8556249494213316
      }
    },
    "gemma-3-12b": {
      "log_params": 10.079181246047625,
      "b_per_tier": {
        "1": 1.4324098701370405,
        "2": 0.6655959945226307,
        "3": 0.6121253700363382,
        "4": 1.0543565456610742,
        "5": 0.8603688789755274
      }
    },
    "ministral-14b": {
      "log_params": 10.146128035678238,
      "b_per_tier": {
        "1": 0.7028542064767911,
        "2": 0.5832767841439158,
        "3": 0.5645222554167791,
        "4": 1.1363494714461024,
        "5": 0.9997636236466694
      }
    },
    "mistral-medium-3": {
      "log_params": 10.380211241711606,
      "b_per_tier": {
        "1": 1.2546285032760605,
        "2": 1.2523840873489125,
        "3": 1.5993066635167368,
        "4": 1.355846187405274,
        "5": 1.1969953918181497
      }
    },
    "mistral-small-24b": {
      "log_params": 10.380211241711606,
      "b_per_tier": {
        "1": 0.8337609737632294,
        "2": 0.6948711710452029,
        "3": 0.68940452721705,
        "4": 0.8960180889793408,
        "5": 0.9564238028431168
      }
    },
    "gemma-2-27b": {
      "log_params": 10.431363764158988,
      "b_per_tier": {
        "1": 0.741919739918055,
        "2": 0.6823310331388669,
        "3": 0.6587612927745955,
        "4": 0.6145890579414164,
        "5": 0.8552260566710189
      }
    },
    "gemma-3-27b": {
      "log_params": 10.431363764158988,
      "b_per_tier": {
        "1": 0.9486716342283797,
        "2": 0.7414410202510543,
        "3": 0.8944618265581867,
        "4": 1.0423067565678048,
        "5": 1.09245209880818
      }
    },
    "seed-oss-36b": {
      "log_params": 10.556302500767288,
      "b_per_tier": {
        "1": 0.8288495994493433,
        "2": 0.6516255901207131,
        "3": 0.865644594437668,
        "4": 1.3142128669767976,
        "5": 1.0485668572078517
      }
    }
  },
  "per_tier_correlations": {
    "1": {
      "n": 14,
      "rho": -0.4933932673685348,
      "p": 0.07299326899911829,
      "sign": "neg"
    },
    "2": {
      "n": 14,
      "rho": -0.5616753713347159,
      "p": 0.0365991422654576,
      "sign": "neg"
    },
    "3": {
      "n": 14,
      "rho": -0.32158668319556283,
      "p": 0.262204592048508,
      "sign": "neg"
    },
    "4": {
      "n": 14,
      "rho": 0.04625561881580013,
      "p": 0.8752299641396455,
      "sign": "pos"
    },
    "5": {
      "n": 14,
      "rho": -0.4251111634023536,
      "p": 0.12970044179761192,
      "sign": "neg"
    }
  }
}