{
  "B1_hierarchical_bootstrap": {
    "n_iter": 200,
    "pair_count_mean": 57.58,
    "pair_count_median": 57.5,
    "pair_count_p2_5": 29.975,
    "pair_count_p97_5": 84.0,
    "pair_count_min": 17,
    "pair_count_max": 96,
    "per_model_b_distributions": {
      "deepseek-v3.1": {
        "mean": 0.8594271099424169,
        "p2_5": 0.5510912220312312,
        "p97_5": 1.0755337312150057
      },
      "deepseek-v3.2": {
        "mean": 1.0168638040977345,
        "p2_5": 0.8788964241249378,
        "p97_5": 1.1681482434950836
      },
      "eurollm-9b": {
        "mean": 1.1393115973992007,
        "p2_5": 0.8526214844934571,
        "p97_5": 1.3583678558826067
      },
      "gemma-2-27b": {
        "mean": 0.870729257664546,
        "p2_5": 0.5486449410889976,
        "p97_5": 1.2641581543833726
      },
      "gemma-3-12b": {
        "mean": 0.9807920639505745,
        "p2_5": 0.8613040850896527,
        "p97_5": 1.2408413768664335
      },
      "gemma-3-27b": {
        "mean": 0.7722419190301341,
        "p2_5": 0.501343873179383,
        "p97_5": 1.1338862451430556
      },
      "gemma-3-4b": {
        "mean": 0.8104521822906409,
        "p2_5": 0.6924765585246409,
        "p97_5": 1.2545544274858202
      },
      "gpt-oss-20b": {
        "mean": 1.0539044844768555,
        "p2_5": 0.5408948036571489,
        "p97_5": 1.398216380761689
      },
      "kimi-k2-instruct": {
        "mean": 0.9903867712190484,
        "p2_5": 0.5746015181400169,
        "p97_5": 1.2640724276441477
      },
      "llama-3.1-8b-instruct": {
        "mean": 0.9565668185386224,
        "p2_5": 0.8370767742099945,
        "p97_5": 1.230533933156327
      },
      "llama-3.2-3b-instruct": {
        "mean": 0.8151405140296668,
        "p2_5": 0.7342799091584401,
        "p97_5": 1.2525413308599762
      },
      "llama-4-maverick": {
        "mean": 0.9201686367866347,
        "p2_5": 0.5780400125186149,
        "p97_5": 1.428346296037362
      },
      "ministral-14b": {
        "mean": 1.139010782707959,
        "p2_5": 0.890536641195324,
        "p97_5": 1.37788405504055
      },
      "mistral-medium-3": {
        "mean": 1.0017443217075204,
        "p2_5": 0.9432487995007698,
        "p97_5": 1.2176998949144953
      },
      "mistral-small-24b": {
        "mean": 0.9190061391072101,
        "p2_5": 0.5393678932481741,
        "p97_5": 1.1908707892081707
      },
      "mistral-small-4-119b": {
        "mean": 0.8903887608770381,
        "p2_5": 0.5412763461661663,
        "p97_5": 1.031115033777196
      },
      "phi-3.5-mini": {
        "mean": 1.043657466410612,
        "p2_5": 0.8284529642339808,
        "p97_5": 1.2964912325562006
      },
      "qwen2.5-7b": {
        "mean": 1.1113285371733768,
        "p2_5": 0.8274732236200588,
        "p97_5": 1.3450676050630825
      },
      "qwen3-next-80b": {
        "mean": 1.0058485544896116,
        "p2_5": 0.8227686627514965,
        "p97_5": 1.1770371375390491
      },
      "seed-oss-36b": {
        "mean": 1.018586157782495,
        "p2_5": 0.9221235084113738,
        "p97_5": 1.2307595406793936
      },
      "solar-10.7b": {
        "mean": 1.000099166236392,
        "p2_5": 0.8682569646784983,
        "p97_5": 1.2785131823297193
      }
    }
  },
  "B2_fixed_mmin": {
    "mmin_1.5": {
      "m_min": 1.5,
      "n_models_with_valid_b": 21,
      "n_qualifying": 22,
      "n_disjoint_CIs": 22
    },
    "mmin_2.0": {
      "m_min": 2.0,
      "n_models_with_valid_b": 21,
      "n_qualifying": 38,
      "n_disjoint_CIs": 38
    },
    "mmin_2.5": {
      "m_min": 2.5,
      "n_models_with_valid_b": 21,
      "n_qualifying": 39,
      "n_disjoint_CIs": 27
    },
    "mmin_3.0": {
      "m_min": 3.0,
      "n_models_with_valid_b": 20,
      "n_qualifying": 50,
      "n_disjoint_CIs": 2
    }
  },
  "B3_model_agnostic": {
    "per_model": {
      "deepseek-v3.1": {
        "b_loglinear": 1.4120658418419088,
        "tail_ratio": 0.020554066130473638,
        "eps": 0.5857630102321487,
        "n_pos": 5324
      },
      "deepseek-v3.2": {
        "b_loglinear": 1.206890796394241,
        "tail_ratio": 0.021350931677018632,
        "eps": 0.5801526717557252,
        "n_pos": 5548
      },
      "eurollm-9b": {
        "b_loglinear": 1.2167328280163654,
        "tail_ratio": 0.04228121927236971,
        "eps": 0.5046631038457509,
        "n_pos": 4816
      },
      "gemma-2-27b": {
        "b_loglinear": 1.351165245087518,
        "tail_ratio": 0.027607361963190184,
        "eps": 0.654932502596054,
        "n_pos": 6307
      },
      "gemma-3-12b": {
        "b_loglinear": 1.0804217243064014,
        "tail_ratio": 0.029308697037273016,
        "eps": 0.6500103885310617,
        "n_pos": 6257
      },
      "gemma-3-27b": {
        "b_loglinear": 1.5242289169480765,
        "tail_ratio": 0.021873514027579647,
        "eps": 0.6328813085418705,
        "n_pos": 4527
      },
      "gemma-3-4b": {
        "b_loglinear": 1.068808945146326,
        "tail_ratio": 0.10462492949802595,
        "eps": 0.5584347461183382,
        "n_pos": 5323
      },
      "gpt-oss-20b": {
        "b_loglinear": 1.0366576341046494,
        "tail_ratio": 0.024409763905562223,
        "eps": 0.6072685856284945,
        "n_pos": 5865
      },
      "kimi-k2-instruct": {
        "b_loglinear": 1.349469088295901,
        "tail_ratio": 0.022199798183652877,
        "eps": 0.6007645442599451,
        "n_pos": 5029
      },
      "llama-3.1-8b-instruct": {
        "b_loglinear": 1.3769367607403573,
        "tail_ratio": 0.035920027109454425,
        "eps": 0.6154964686331533,
        "n_pos": 5926
      },
      "llama-3.2-3b-instruct": {
        "b_loglinear": 1.057055240276369,
        "tail_ratio": 0.08431372549019608,
        "eps": 0.5748736310025274,
        "n_pos": 5459
      },
      "llama-4-maverick": {
        "b_loglinear": 2.029383777685209,
        "tail_ratio": 0.010983763132760267,
        "eps": 0.5535695728982646,
        "n_pos": 5327
      },
      "ministral-14b": {
        "b_loglinear": 1.220119155393118,
        "tail_ratio": 0.02353710362863681,
        "eps": 0.593255620316403,
        "n_pos": 5700
      },
      "mistral-medium-3": {
        "b_loglinear": 1.1846850737343173,
        "tail_ratio": 0.01546218487394958,
        "eps": 0.5851428571428572,
        "n_pos": 5632
      },
      "mistral-small-24b": {
        "b_loglinear": 1.2642273477562316,
        "tail_ratio": 0.01680327868852459,
        "eps": 0.5640307181403071,
        "n_pos": 5435
      },
      "mistral-small-4-119b": {
        "b_loglinear": 1.213575973426012,
        "tail_ratio": 0.019405940594059406,
        "eps": 0.6031237070748863,
        "n_pos": 5831
      },
      "phi-3.5-mini": {
        "b_loglinear": 1.0009441451689338,
        "tail_ratio": 0.042916957431960924,
        "eps": 0.49650203612822386,
        "n_pos": 4755
      },
      "qwen2.5-7b": {
        "b_loglinear": 1.1529029414612246,
        "tail_ratio": 0.041991195394514055,
        "eps": 0.4957799312285089,
        "n_pos": 4758
      },
      "qwen3-next-80b": {
        "b_loglinear": 1.3598042559694101,
        "tail_ratio": 0.01639344262295082,
        "eps": 0.611702677556084,
        "n_pos": 5917
      },
      "seed-oss-36b": {
        "b_loglinear": 1.4461061122133965,
        "tail_ratio": 0.018162393162393164,
        "eps": 0.6019276608975024,
        "n_pos": 5808
      },
      "solar-10.7b": {
        "b_loglinear": 1.3472860754183162,
        "tail_ratio": 0.03403465346534654,
        "eps": 0.650109113582043,
        "n_pos": 6256
      }
    },
    "n_pairs_loglinear_b_diff_gt_0_15": 68,
    "n_pairs_tail_ratio_diff_gt_0_005": 73,
    "n_pairs_tail_ratio_diff_gt_0_01": 45,
    "n_pairs_tail_ratio_diff_gt_0_02": 25
  },
  "B4_binomial_test": {
    "n_matched_accuracy_pairs": 119,
    "n_significant_at_M_ge_3_0_BH_q05": 58,
    "n_significant_at_M_ge_2_5_BH_q05": 76,
    "per_model": {
      "deepseek-v3.1": {
        "n_total": 9089,