{
  "baseline_v4": {
    "rho_log_p_eps": 0.6024764984293989,
    "rho_log_p_b": -0.662999251696279,
    "rho_log_p_eps_attempted": 0.607978566908206,
    "rho_log_p_abst": -0.3529013636602397,
    "rho_abst_eps": 0.18516787364442724
  },
  "partial_correlations": {
    "partial_rho_log_p_eps_given_abst": 0.6538461538461539,
    "partial_p_log_p_eps_given_abst": 0.015348516732105476,
    "partial_rho_log_p_b_given_eps_attempted": -0.19780219780219782,
    "partial_p_log_p_b_given_eps_attempted": 0.51713091148483,
    "triple_partial_rho_log_p_b_given_eps_and_abst": -0.37912087912087916,
    "triple_partial_p": 0.2014060899610435
  },
  "per_tier": {
    "1": {
      "rho_log_p_eps": 0.654746148978068,
      "p": 0.015160173807775785,
      "rho_log_p_eps_att": 0.654746148978068,
      "p_att": 0.015160173807775785,
      "n": 13
    },
    "2": {
      "rho_log_p_eps": 0.6024764984293989,
      "p": 0.029319882957085108,
      "rho_log_p_eps_att": 0.6024764984293989,
      "p_att": 0.029319882957085108,
      "n": 13
    },
    "3": {
      "rho_log_p_eps": 0.6327378750628389,
      "p": 0.02028984902649841,
      "rho_log_p_eps_att": 0.6327378750628389,
      "p_att": 0.02028984902649841,
      "n": 13
    },
    "4": {
      "rho_log_p_eps": 0.5969744299505915,
      "p": 0.031234771476342918,
      "rho_log_p_eps_att": 0.5969744299505915,
      "p_att": 0.031234771476342918,
      "n": 13
    },
    "5": {
      "rho_log_p_eps": 0.4704268549380237,
      "p": 0.10473414443548094,
      "rho_log_p_eps_att": 0.5371900826446282,
      "p_att": 0.05834203579285481,
      "n": 13
    }
  },
  "lofo_family": {
    "eurollm": {
      "n_remaining": 12,
      "rho": 0.5779343363791357,
      "p": 0.049048848151311386
    },
    "gemma": {
      "n_remaining": 9,
      "rho": 0.5,
      "p": 0.17047066078705375
    },
    "llama": {
      "n_remaining": 11,
      "rho": 0.615035764230577,
      "p": 0.04401852763550924
    },
    "mistral": {
      "n_remaining": 11,
      "rho": 0.6605939689883975,
      "p": 0.026924393992726888
    },
    "phi": {
      "n_remaining": 12,
      "rho": 0.5218922189120679,
      "p": 0.08178822638152841
    },
    "qwen": {
      "n_remaining": 12,
      "rho": 0.535902748278835,
      "p": 0.07250748303033816
    },
    "seed": {
      "n_remaining": 12,
      "rho": 0.6970238359966545,
      "p": 0.01176097088359803
    },
    "solar": {
      "n_remaining": 12,
      "rho": 0.6304738215045117,
      "p": 0.02796025965102626
    }
  },
  "per_model": [
    {
      "name": "qwen3-next-80b",
      "architecture": "moe",
      "log_params": 9.477121254719663,
      "b_value": 1.05209367446985,
      "family": "qwen",
      "n_scored": 3998,
      "n_abst": 0,
      "abst_rate": 0.0,
      "eps_overall": 0.5915457728864432,
      "n_attempted": 3998,
      "eps_attempted": 0.5915457728864432,
      "per_tier_eps": {
        "1": 0.51375,
        "2": 0.59125,
        "3": 0.59625,
        "4": 0.615,
        "5": 0.6416040100250626
      },
      "per_tier_att_eps": {
        "1": 0.51375,
        "2": 0.59125,
        "3": 0.59625,
        "4": 0.615,
        "5": 0.6416040100250626
      }
    },
    {
      "name": "llama-3.2-3b-instruct",
      "architecture": "dense",
      "log_params": 9.505149978319906,
      "b_value": 1.046370330667484,
      "family": "llama",
      "n_scored": 3893,
      "n_abst": 21,
      "abst_rate": 0.005394297456974056,
      "eps_overall": 0.44952478808117136,
      "n_attempted": 3872,
      "eps_attempted": 0.446797520661157,
      "per_tier_eps": {
        "1": 0.27330779054916987,
        "2": 0.4190231362467866,
        "3": 0.4689922480620155,
        "4": 0.5115979381443299,
        "5": 0.5754475703324808
      },
      "per_tier_att_eps": {
        "1": 0.27330779054916987,
        "2": 0.4190231362467866,
        "3": 0.4689922480620155,
        "4": 0.5116279069767442,
        "5": 0.564875491480996
      }
    },
    {
      "name": "gpt-oss-20b",
      "architecture": "moe",
      "log_params": 9.556302500767288,
      "b_value": 0.9375245958546385,
      "family": "gpt-oss",
      "n_scored": 3719,
      "n_abst": 0,
      "abst_rate": 0.0,
      "eps_overall": 0.5711212691583759,
      "n_attempted": 3719,
      "eps_attempted": 0.5711212691583759,
      "per_tier_eps": {
        "1": 0.5077120822622108,
        "2": 0.5567282321899736,
        "3": 0.5833333333333334,
        "4": 0.5895424836601307,
        "5": 0.6268882175226587
      },
      "per_tier_att_eps": {
        "1": 0.5077120822622108,
        "2": 0.5567282321899736,
        "3": 0.5833333333333334,
        "4": 0.5895424836601307,
        "5": 0.6268882175226587
      }
    },
    {
      "name": "phi-3.5-mini",
      "architecture": "dense",
      "log_params": 9.57978359661681,
      "b_value": 1.3088326851878813,
      "family": "phi",
      "n_scored": 3949,
      "n_abst": 6,
      "abst_rate": 0.0015193719929095975,
      "eps_overall": 0.28513547733603445,
      "n_attempted": 3943,
      "eps_attempted": 0.2845549074308902,
      "per_tier_eps": {
        "1": 0.1620603015075377,
        "2": 0.21618204804045513,
        "3": 0.2230769230769231,
        "4": 0.3,
        "5": 0.523989898989899
      },
      "per_tier_att_eps": {
        "1": 0.1620603015075377,
        "2": 0.21618204804045513,
        "3": 0.2230769230769231,
        "4": 0.3,
        "5": 0.5229007633587787
      }
    },
    {
      "name": "gemma-3-4b",
      "architecture": "dense",
      "log_params": 9.602059991327963,
      "b_value": 0.979429782853737,
      "family": "gemma",
      "n_scored": 3873,
      "n_abst": 0,
      "abst_rate": 0.0,
      "eps_overall": 0.3865220759101472,
      "n_attempted": 3873,
      "eps_attempted": 0.3865220759101472,
      "per_tier_eps": {
        "1": 0.2157622739018088,
        "2": 0.3419354838709677,
        "3": 0.32989690721649484,
        "4": 0.4329896907216495,
        "5": 0.6126943005181347
      },
      "per_tier_att_eps": {
        "1": 0.2157622739018088,
        "2": 0.3419354838709677,
        "3": 0.32989690721649484,
        "4": 0.4329896907216495,
        "5": 0.6126943005181347
      }
    },
    {
      "name": "qwen2.5-7b",
      "architecture": "dense",
      "log_params": 9.880813592280791,
      "b_value": 1.2566819050817495,
      "family": "qwen",
      "n_scored": 3952,
      "n_abst": 0,
      "abst_rate": 0.0,
      "eps_overall": 0.31553643724696356,
      "n_attempted": 3952,
      "eps_attempted": 0.31553643724696356,
      "per_tier_eps": {
        "1": 0.18295739348370926,
        "2": 0.2503160556257901,
        "3": 0.2442455242966752,
        "4": 0.3651399491094148,
        "5": 0.5345911949685535
      },
      "per_tier_att_eps": {
        "1": 0.18295739348370926,
        "2": 0.2503160556257901,
        "3": 0.2442455242966752,
        "4": 0.3651399491094148,
        "5": 0.5345911949685535
      }
    },
    {
      "name": "llama-3.1-8b-instruct",
      "architecture": "dense",
      "log_params": 9.903089986991944,
      "b_value": 1.0005099943996716,
      "family": "llama",
      "n_scored": 4000,
      "n_abst": 16,
      "abst_rate": 0.004,
      "eps_overall": 0.60725,
      "n_attempted": 3984,
      "eps_attempted": 0.6059236947791165,
      "per_tier_eps": {
        "1": 0.5025,
        "2": 0.605,
        "3": 0.6175,
        "4": 0.64375,
        "5": 0.6675
      },
      "per_tier_att_eps": {
        "1": 0.5025,
        "2": 0.60450563204005,
        "3": 0.6175,
        "4": 0.6433041301627034,
        "5": 0.6628498727735369
      }
    },
    {
      "name": "eurollm-9b",
      "architecture": "dense",
      "log_params": 9.963787827345556,
      "b_value": 1.066688201165882,
      "family": "eurollm",
      "n_scored": 3940,
      "n_abst": 0,
      "abst_rate": 0.0,
      "eps_overall": 0.34416243654822337,
      "n_attempted": 3940,
      "eps_attempted": 0.34416243654822337,