{
  "S1_scale": {
    "n_models": 21,
    "spearman_9pt_to_7pt": 0.4311688311688312,
    "spearman_9pt_to_5lvl": 0.15454545454545454,
    "p_9pt_to_7pt": 0.05100136282401152,
    "p_9pt_to_5lvl": 0.503567858476226,
    "ranking_stable_7pt": false,
    "ranking_stable_5lvl": false,
    "per_model": {
      "deepseek-v3.1": {
        "9pt": 0.8075947165703135,
        "7pt": 1.0574126515905264,
        "5lvl": 1.32438317253665
      },
      "deepseek-v3.2": {
        "9pt": 0.6554331426337371,
        "7pt": 0.6558561391762564,
        "5lvl": 0.7450506507724409
      },
      "eurollm-9b": {
        "9pt": 1.066688201165882,
        "7pt": 1.2698506388396116,
        "5lvl": 0.9354034994839268
      },
      "gemma-2-27b": {
        "9pt": 0.6190104528798855,
        "7pt": 1.014190582016842,
        "5lvl": 0.6819235788906561
      },
      "gemma-3-12b": {
        "9pt": 0.9382618753417843,
        "7pt": 1.0554365897416231,
        "5lvl": 1.3816624447526706
      },
      "gemma-3-27b": {
        "9pt": 0.9563557929019344,
        "7pt": 0.9698731892680396,
        "5lvl": 0.6673240348851441
      },
      "gemma-3-4b": {
        "9pt": 0.979429782853737,
        "7pt": 0.8371516243275373,
        "5lvl": 0.6626974621936631
      },
      "gpt-oss-20b": {
        "9pt": 0.9375245958546385,
        "7pt": 1.0984579623088304,
        "5lvl": 0.7193938667153812
      },
      "kimi-k2-instruct": {
        "9pt": 1.040607805049357,
        "7pt": 1.0457213569169208,
        "5lvl": 1.5459289814537778
      },
      "llama-3.1-8b-instruct": {
        "9pt": 1.0005099943996716,
        "7pt": 1.006564517815101,
        "5lvl": 1.4195225351352008
      },
      "llama-3.2-3b-instruct": {
        "9pt": 1.046370330667484,
        "7pt": 0.8792515289901532,
        "5lvl": 0.992673101493147
      },
      "llama-4-maverick": {
        "9pt": 1.1184570218878271,
        "7pt": 1.1178818688264975,
        "5lvl": 1.652437540900178
      },
      "ministral-14b": {
        "9pt": 1.1222476877499956,
        "7pt": 1.1851774646331739,
        "5lvl": 1.4975671789767302
      },
      "mistral-medium-3": {
        "9pt": 0.9063537013633084,
        "7pt": 1.3152918594784204,
        "5lvl": 1.6451420109182773
      },
      "mistral-small-24b": {
        "9pt": 0.9988773083774788,
        "7pt": 0.639685905713455,
        "5lvl": 0.7247574150015584
      },
      "mistral-small-4-119b": {
        "9pt": 0.8878909407799812,
        "7pt": 1.0557848611785952,
        "5lvl": 1.2276057355131922
      },
      "phi-3.5-mini": {
        "9pt": 1.3088326851878813,
        "7pt": 1.3198480739091007,
        "5lvl": 1.1415740667171186
      },
      "qwen2.5-7b": {
        "9pt": 1.2566819050817495,
        "7pt": 1.269066989988505,
        "5lvl": 1.082589143295063
      },
      "qwen3-next-80b": {
        "9pt": 1.05209367446985,
        "7pt": 0.7234417677064205,
        "5lvl": 1.5774374285221553
      },
      "seed-oss-36b": {
        "9pt": 0.5736443770317645,
        "7pt": 0.5743156987134869,
        "5lvl": 1.5493749084116013
      },
      "solar-10.7b": {
        "9pt": 0.9052899059391726,
        "7pt": 1.0211626822068163,
        "5lvl": 1.3249662159760218
      }
    }
  },
  "S2_overcall": {
    "n_trials": 50,
    "mean_spearman": 0.8467532467532466,
    "std_spearman": 1.1102230246251565e-16,
    "min_spearman": 0.8467532467532467,
    "max_spearman": 0.8467532467532467,
    "fraction_above_0_85": 0.0,
    "ranking_stable": false,
    "per_model_mean_b": {
      "deepseek-v3.1": 0.8419451305609055,
      "deepseek-v3.2": 0.6882129978034807,
      "eurollm-9b": 1.066688201165882,
      "gemma-2-27b": 0.639136508467712,
      "gemma-3-12b": 0.9382618753417844,
      "gemma-3-27b": 0.7811799407070454,
      "gemma-3-4b": 0.9794297828537369,
      "gpt-oss-20b": 0.9375245958546385,
      "kimi-k2-instruct": 0.9457968717004153,
      "llama-3.1-8b-instruct": 0.9011981057924134,
      "llama-3.2-3b-instruct": 1.046370330667484,
      "llama-4-maverick": 1.013353791107588,
      "ministral-14b": 1.1222476877499956,
      "mistral-medium-3": 0.8100414159229626,
      "mistral-small-24b": 0.9988773083774788,
      "mistral-small-4-119b": 0.8878909407799813,
      "phi-3.5-mini": 1.3088326851878813,
      "qwen2.5-7b": 1.2566819050817495,
      "qwen3-next-80b": 0.8418042821032194,
      "seed-oss-36b": 0.6062390742401285,
      "solar-10.7b": 0.9052899059391725
    },
    "per_model_std_b": {
      "deepseek-v3.1": 2.220446049250313e-16,
      "deepseek-v3.2": 0.0,
      "eurollm-9b": 0.0,
      "gemma-2-27b": 0.0,
      "gemma-3-12b": 1.1102230246251565e-16,
      "gemma-3-27b": 1.1102230246251565e-16,
      "gemma-3-4b": 1.1102230246251565e-16,
      "gpt-oss-20b": 0.0,
      "kimi-k2-instruct": 1.1102230246251565e-16,
      "llama-3.1-8b-instruct": 0.0,
      "llama-3.2-3b-instruct": 0.0,
      "llama-4-maverick": 0.0,
      "ministral-14b": 0.0,
      "mistral-medium-3": 1.1102230246251565e-16,
      "mistral-small-24b": 0.0,
      "mistral-small-4-119b": 1.1102230246251565e-16,
      "phi-3.5-mini": 0.0,
      "qwen2.5-7b": 0.0,
      "qwen3-next-80b": 0.0,
      "seed-oss-36b": 0.0,
      "solar-10.7b": 1.1102230246251565e-16
    }
  },
  "S3_subsample": {
    "n_trials": 50,
    "fraction": 0.5,
    "per_model": [
      {
        "model": "deepseek-v3.2",
        "mean_b": 0.6533771842604689,
        "std_b": 0.013236394980093543,
        "cv": 0.020258428514113608,
        "n_trials": 50
      },
      {
        "model": "phi-3.5-mini",
        "mean_b": 1.3259677445262674,
        "std_b": 0.062385461955614174,
        "cv": 0.047049004180643034,
        "n_trials": 50
      },
      {
        "model": "llama-3.2-3b-instruct",
        "mean_b": 1.0465745664273036,
        "std_b": 0.05460945085047224,
        "cv": 0.052179226021985964,
        "n_trials": 50
      },
      {
        "model": "qwen2.5-7b",
        "mean_b": 1.2828974642384232,
        "std_b": 0.10565015283231191,
        "cv": 0.08235276456410323,
        "n_trials": 50
      },
      {
        "model": "mistral-small-24b",
        "mean_b": 0.6460522218871989,
        "std_b": 0.05744719947340339,
        "cv": 0.08892036514570444,
        "n_trials": 50
      },
      {
        "model": "eurollm-9b",
        "mean_b": 1.092181782514812,
        "std_b": 0.10153105325464437,
        "cv": 0.09296167989623781,
        "n_trials": 50
      },
      {
        "model": "ministral-14b",
        "mean_b": 1.113014119734139,
        "std_b": 0.11765241885611502,
        "cv": 0.1057061332557202,
        "n_trials": 50
      },
      {
        "model": "deepseek-v3.1",
        "mean_b": 0.8058693131493996,
        "std_b": 0.08623147162248677,
        "cv": 0.10700428743897385,
        "n_trials": 50
      },
      {
        "model": "gpt-oss-20b",
        "mean_b": 0.8870845402165424,
        "std_b": 0.10832183459607049,
        "cv": 0.12210993392989186,
        "n_trials": 50
      },
      {
        "model": "seed-oss-36b",
        "mean_b": 0.5878087495831137,
        "std_b": 0.08270622246829679,
        "cv": 0.1407026052724696,
        "n_trials": 50
      },
      {
        "model": "kimi-k2-instruct",
        "mean_b": 0.9782925863911123,
        "std_b": 0.1399056153329689,
        "cv": 0.14300999238793777,
        "n_trials": 50
      },
      {
        "model": "solar-10.7b",
        "mean_b": 0.8659247612773363,
        "std_b": 0.12441675463867258,
        "cv": 0.14368079099059816,
        "n_trials": 50
      },
      {
        "model": "gemma-3-12b",
        "mean_b": 0.904512690334331,
        "std_b": 0.14369546771130307,
        "cv": 0.15886506540686515,
        "n_trials": 50
      },
      {
        "model": "gemma-3-27b",
        "mean_b": 0.921356117891192,
        "std_b": 0.15601762779647835,
        "cv": 0.16933477161205904,
        "n_trials": 50
      },
      {
        "model": "gemma-3-4b",
        "mean_b": 1.1142354690425056,