{
  "n_items_rated": 186521,
  "icc": {
    "icc_2_1": 0.6921757104387619,
    "icc_2_k": 0.8708981038340615
  },
  "per_model_human": {
    "deepseek-v3.1": {
      "b": 0.48760728545695303,
      "ci_lo": 0.47612290566534976,
      "ci_hi": 0.5000422120364716,
      "eps": 0.5662889206733414,
      "n_pos": 5147,
      "n_replaced": 9070
    },
    "deepseek-v3.2": {
      "b": 0.6644453889260312,
      "ci_lo": 0.6361700334807314,
      "ci_hi": 0.6962777928489382,
      "eps": 0.5704276900554219,
      "n_pos": 5455,
      "n_replaced": 7401
    },
    "eurollm-9b": {
      "b": 0.7282765875529175,
      "ci_lo": 0.7029553903392565,
      "ci_hi": 0.7567953367343736,
      "eps": 0.5518180865555905,
      "n_pos": 5266,
      "n_replaced": 9543
    },
    "gemma-2-27b": {
      "b": 0.44563366570477575,
      "ci_lo": 0.4361974430008715,
      "ci_hi": 0.4555664271179419,
      "eps": 0.618276220145379,
      "n_pos": 5954,
      "n_replaced": 9630
    },
    "gemma-3-12b": {
      "b": 0.4115350335076858,
      "ci_lo": 0.4034806611655505,
      "ci_hi": 0.42025767795672797,
      "eps": 0.6189486806565552,
      "n_pos": 5958,
      "n_replaced": 8386
    },
    "gemma-3-27b": {
      "b": 0.43737673477074435,
      "ci_lo": 0.4263629780490718,
      "ci_hi": 0.4491878402861211,
      "eps": 0.6050608136446246,
      "n_pos": 4328,
      "n_replaced": 7064
    },
    "gemma-3-4b": {
      "b": 0.5812663003780539,
      "ci_lo": 0.563546403923111,
      "ci_hi": 0.5985713543082956,
      "eps": 0.5975660931598825,
      "n_pos": 5696,
      "n_replaced": 9532
    },
    "gpt-oss-20b": {
      "b": 0.467980657132909,
      "ci_lo": 0.45693217902477806,
      "ci_hi": 0.4792405538623473,
      "eps": 0.5746531372955063,
      "n_pos": 5550,
      "n_replaced": 9044
    },
    "kimi-k2-instruct": {
      "b": 0.4910248944621277,
      "ci_lo": 0.47813855736380484,
      "ci_hi": 0.504067602351017,
      "eps": 0.5663600525624178,
      "n_pos": 4741,
      "n_replaced": 8350
    },
    "llama-3.1-8b-instruct": {
      "b": 0.40971440300123996,
      "ci_lo": 0.40071800456328405,
      "ci_hi": 0.4190552983890643,
      "eps": 0.6111341919401745,
      "n_pos": 5884,
      "n_replaced": 9628
    },
    "llama-3.2-3b-instruct": {
      "b": 0.6193360772241275,
      "ci_lo": 0.5986284535743547,
      "ci_hi": 0.6417749252715621,
      "eps": 0.6042544229149115,
      "n_pos": 5738,
      "n_replaced": 9496
    },
    "llama-4-maverick": {
      "b": 0.5164636284339487,
      "ci_lo": 0.5037763614984693,
      "ci_hi": 0.5296200242263222,
      "eps": 0.544736568637639,
      "n_pos": 5242,
      "n_replaced": 9623
    },
    "ministral-14b": {
      "b": 0.7329893497163809,
      "ci_lo": 0.700472348124057,
      "ci_hi": 0.7686564603417552,
      "eps": 0.5965861781848459,
      "n_pos": 5732,
      "n_replaced": 9608
    },
    "mistral-medium-3": {
      "b": 0.9781648023174777,
      "ci_lo": 0.8855252388667979,
      "ci_hi": 1.0849950878948134,
      "eps": 0.5707012987012987,
      "n_pos": 5493,
      "n_replaced": 5664
    },
    "mistral-small-24b": {
      "b": 0.46499781059304124,
      "ci_lo": 0.45460013776687497,
      "ci_hi": 0.47690016124150675,
      "eps": 0.5587380655873807,
      "n_pos": 5384,
      "n_replaced": 9636
    },
    "mistral-small-4-119b": {
      "b": 0.47333360159543364,
      "ci_lo": 0.4624379352739096,
      "ci_hi": 0.48484977862960205,
      "eps": 0.5837815473727762,
      "n_pos": 5644,
      "n_replaced": 9668
    },
    "phi-3.5-mini": {
      "b": 0.7300426316403116,
      "ci_lo": 0.7021790759486928,
      "ci_hi": 0.7597217661731909,
      "eps": 0.5438028610211966,
      "n_pos": 5208,
      "n_replaced": 9577
    },
    "qwen2.5-7b": {
      "b": 0.7219579232621275,
      "ci_lo": 0.6934371798313715,
      "ci_hi": 0.7519625684104895,
      "eps": 0.5532979055954986,
      "n_pos": 5310,
      "n_replaced": 9597
    },
    "qwen3-next-80b": {
      "b": 0.511625173317477,
      "ci_lo": 0.49985639579931757,
      "ci_hi": 0.5243030498280341,
      "eps": 0.5767600537578828,
      "n_pos": 5579,
      "n_replaced": 9673
    },
    "seed-oss-36b": {
      "b": 0.7603033370189554,
      "ci_lo": 0.7235500736789854,
      "ci_hi": 0.7971713928749747,
      "eps": 0.588143849103534,
      "n_pos": 5675,
      "n_replaced": 6708
    },
    "solar-10.7b": {
      "b": 0.3966216518879488,
      "ci_lo": 0.3883844377291059,
      "ci_hi": 0.40549955842374574,
      "eps": 0.6288059856593577,
      "n_pos": 6051,
      "n_replaced": 9623
    }
  },
  "headline_human": {
    "n_qualifying": 85,
    "n_disjoint_CIs": 85,
    "n_judge_baseline": 31,
    "change": 54
  },
  "scaling_human": {
    "rho_log_p_b": 0.05726886139099063,
    "p_log_p_b": 0.8458154931723436,
    "partial_rho_b_eps": 0.02857142857142857,
    "partial_p": 0.9227613765698746,
    "rho_eps_b": -0.7494505494505495
  }
}