{
  "per_model": {
    "deepseek-v3.1": {
      "n_eval_4k": 4327,
      "n_eval_6k": 6000,
      "n_eval_merged": 10327,
      "n_scores_4k": 3991,
      "n_scores_6k": 5098,
      "n_scores_merged": 9120,
      "eps_4k": 0.5707842645953395,
      "eps_6k": 0.5974892114554727,
      "delta_eps": 0.02670494686013325,
      "batch_inconsistent": false
    },
    "deepseek-v3.2": {
      "n_eval_4k": 4201,
      "n_eval_6k": 6000,
      "n_eval_merged": 10201,
      "n_scores_4k": 3990,
      "n_scores_6k": 5573,
      "n_scores_merged": 9618,
      "eps_4k": 0.5864661654135338,
      "eps_6k": 0.5756325139063341,
      "delta_eps": -0.010833651507199726,
      "batch_inconsistent": false
    },
    "eurollm-9b": {
      "n_eval_4k": 4235,
      "n_eval_6k": 6000,
      "n_eval_merged": 10235,
      "n_scores_4k": 3940,
      "n_scores_6k": 5603,
      "n_scores_merged": 9648,
      "eps_4k": 0.34416243654822337,
      "eps_6k": 0.6175263251829377,
      "delta_eps": 0.27336388863471434,
      "batch_inconsistent": true
    },
    "gemma-2-27b": {
      "n_eval_4k": 4247,
      "n_eval_6k": 6000,
      "n_eval_merged": 10247,
      "n_scores_4k": 3999,
      "n_scores_6k": 5631,
      "n_scores_merged": 9644,
      "eps_4k": 0.6664166041510378,
      "eps_6k": 0.6467767714437933,
      "delta_eps": -0.019639832707244453,
      "batch_inconsistent": false
    },
    "gemma-3-12b": {
      "n_eval_4k": 4700,
      "n_eval_6k": 6000,
      "n_eval_merged": 10700,
      "n_scores_4k": 3996,
      "n_scores_6k": 5630,
      "n_scores_merged": 9656,
      "eps_4k": 0.6308808808808809,
      "eps_6k": 0.6635879218472469,
      "delta_eps": 0.03270704096636601,
      "batch_inconsistent": false
    },
    "gemma-3-27b": {
      "n_eval_4k": 9311,
      "n_eval_6k": 6000,
      "n_eval_merged": 15311,
      "n_scores_4k": 3965,
      "n_scores_6k": 3188,
      "n_scores_merged": 7169,
      "eps_4k": 0.6305170239596469,
      "eps_6k": 0.6358218318695107,
      "delta_eps": 0.005304807909863762,
      "batch_inconsistent": false
    },
    "gemma-3-4b": {
      "n_eval_4k": 4000,
      "n_eval_6k": 6000,
      "n_eval_merged": 10000,
      "n_scores_4k": 3873,
      "n_scores_6k": 5659,
      "n_scores_merged": 9687,
      "eps_4k": 0.3865220759101472,
      "eps_6k": 0.6760911821876656,
      "delta_eps": 0.2895691062775184,
      "batch_inconsistent": true
    },
    "gpt-oss-20b": {
      "n_eval_4k": 4236,
      "n_eval_6k": 6000,
      "n_eval_merged": 10236,
      "n_scores_4k": 3994,
      "n_scores_6k": 5664,
      "n_scores_merged": 9683,
      "eps_4k": 0.5861291937906861,
      "eps_6k": 0.6221751412429378,
      "delta_eps": 0.03604594745225176,
      "batch_inconsistent": false
    },
    "kimi-k2-instruct": {
      "n_eval_4k": 4233,
      "n_eval_6k": 6000,
      "n_eval_merged": 10233,
      "n_scores_4k": 3998,
      "n_scores_6k": 4373,
      "n_scores_merged": 8395,
      "eps_4k": 0.6153076538269134,
      "eps_6k": 0.5874685570546535,
      "delta_eps": -0.02783909677225993,
      "batch_inconsistent": false
    },
    "llama-3.1-8b-instruct": {
      "n_eval_4k": 4229,
      "n_eval_6k": 6000,
      "n_eval_merged": 10229,
      "n_scores_4k": 4000,
      "n_scores_6k": 5628,
      "n_scores_merged": 9671,
      "eps_4k": 0.60725,
      "eps_6k": 0.6213574982231699,
      "delta_eps": 0.014107498223169923,
      "batch_inconsistent": false
    },
    "llama-3.2-3b-instruct": {
      "n_eval_4k": 4000,
      "n_eval_6k": 6000,
      "n_eval_merged": 10000,
      "n_scores_4k": 3893,
      "n_scores_6k": 5603,
      "n_scores_merged": 9651,
      "eps_4k": 0.44952478808117136,
      "eps_6k": 0.661966803498126,
      "delta_eps": 0.21244201541695462,
      "batch_inconsistent": true
    },
    "llama-4-maverick": {
      "n_eval_4k": 4220,
      "n_eval_6k": 6000,
      "n_eval_merged": 10220,
      "n_scores_4k": 3984,
      "n_scores_6k": 5639,
      "n_scores_merged": 9665,
      "eps_4k": 0.5534638554216867,
      "eps_6k": 0.5536442631672283,
      "delta_eps": 0.00018040774554151096,
      "batch_inconsistent": false
    },
    "ministral-14b": {
      "n_eval_4k": 4256,
      "n_eval_6k": 6000,
      "n_eval_merged": 10256,
      "n_scores_4k": 3991,
      "n_scores_6k": 5617,
      "n_scores_merged": 9680,
      "eps_4k": 0.5863192182410424,
      "eps_6k": 0.5981840840306213,
      "delta_eps": 0.011864865789578904,
      "batch_inconsistent": false
    },
    "mistral-medium-3": {
      "n_eval_4k": 4239,
      "n_eval_6k": 6000,
      "n_eval_merged": 10239,
      "n_scores_4k": 3961,
      "n_scores_6k": 5664,
      "n_scores_merged": 9675,
      "eps_4k": 0.5892451401161323,
      "eps_6k": 0.582274011299435,
      "delta_eps": -0.0069711288166972585,
      "batch_inconsistent": false
    },
    "mistral-small-24b": {
      "n_eval_4k": 4265,
      "n_eval_6k": 6000,
      "n_eval_merged": 10265,
      "n_scores_4k": 3999,
      "n_scores_6k": 5637,
      "n_scores_merged": 9666,
      "eps_4k": 0.5663915978994749,
      "eps_6k": 0.5623558630477205,
      "delta_eps": -0.004035734851754458,
      "batch_inconsistent": false
    },
    "mistral-small-4-119b": {
      "n_eval_4k": 4254,
      "n_eval_6k": 6000,
      "n_eval_merged": 10254,
      "n_scores_4k": 3995,
      "n_scores_6k": 5673,
      "n_scores_merged": 9676,
      "eps_4k": 0.5784730913642052,
      "eps_6k": 0.620482989599859,
      "delta_eps": 0.04200989823565382,
      "batch_inconsistent": false
    },
    "phi-3.5-mini": {
      "n_eval_4k": 4000,
      "n_eval_6k": 6000,
      "n_eval_merged": 10000,
      "n_scores_4k": 3949,
      "n_scores_6k": 5628,
      "n_scores_merged": 9655,
      "eps_4k": 0.28513547733603445,
      "eps_6k": 0.6448116560056859,
      "delta_eps": 0.35967617866965146,
      "batch_inconsistent": true
    },
    "qwen2.5-7b": {
      "n_eval_4k": 4000,
      "n_eval_6k": 6000,
      "n_eval_merged": 10000,
      "n_scores_4k": 3952,
      "n_scores_6k": 5645,
      "n_scores_merged": 9682,
      "eps_4k": 0.31553643724696356,
      "eps_6k": 0.6219663418954827,
      "delta_eps": 0.30642990464851916,
      "batch_inconsistent": true
    },
    "qwen3-next-80b": {
      "n_eval_4k": 4225,
      "n_eval_6k": 6000,
      "n_eval_merged": 10225,
      "n_scores_4k": 3998,
      "n_scores_6k": 5675,
      "n_scores_merged": 9678,
      "eps_4k": 0.5915457728864432,
      "eps_6k": 0.6259030837004406,
      "delta_eps": 0.0343573108139974,
      "batch_inconsistent": false
    },
    "seed-oss-36b": {
      "n_eval_4k": 4269,
      "n_eval_6k": 6000,
      "n_eval_merged": 10269,
      "n_scores_4k": 3979,
      "n_scores_6k": 5670,
      "n_scores_merged": 9685,
      "eps_4k": 0.5679819050012566,
      "eps_6k": 0.6257495590828924,
      "delta_eps": 0.057767654081635866,
      "batch_inconsistent": false
    },
    "solar-10.7b": {
      "n_eval_4k": 4231,
      "n_eval_6k": 6000,
      "n_eval_merged": 10231,
      "n_scores_4k": 3990,
      "n_scores_6k": 5633,
      "n_scores_merged": 9673,
      "eps_4k": 0.6443609022556391,
      "eps_6k": 0.6541807207527073,
      "delta_eps": 0.009819818497068145,
      "batch_inconsistent": false
    }
  },
  "merge_summary": {
    "n_models_merged": 21,
    "n_4k_only": 3,
    "n_6k_only": 0,
    "n_batch_inconsistent": 5,
    "inconsistent_models": [
      "eurollm-9b",
      "gemma-3-4b",
      "llama-3.2-3b-instruct",
      "phi-3.5-mini",
      "qwen2.5-7b"
    ]
  }
}